{
  "images" : [
    {
      "idiom" : "iphone",
      "scale" : "1x",
      "filename" : "Bluetooth_Disconnected_190x71.png"
    },
    {
      "idiom" : "iphone",
      "scale" : "2x",
      "filename" : "Bluetooth_Disconnected_380x142.png"
    },
    {
      "idiom" : "iphone",
      "filename" : "Bluetooth_Disconnected_380x142-1.png",
      "subtype" : "retina4",
      "scale" : "2x"
    },
    {
      "idiom" : "iphone",
      "scale" : "3x"
    }
  ],
  "info" : {
    "version" : 1,
    "author" : "xcode"
  }
}